list,keyword,volume,sd,pd,cpc_usd
cd,website,450000,77,13,17.61
cd,web development html,110000,74,1,9.82
cd,web & design,90500,50,31,17.16
cd,website designing,74000,75,34,30.43
cd,design web design,74000,46,34,18.51
cd,web design website design,60500,83,28,27.76
cd,web design,49500,72,32,25.57
cd,web design websites,49500,74,34,28.97
cd,search engine optimization agencies,33100,60,10,35.09
cd,web design r,27100,28,21,21.50
cd,company for web design,22200,86,13,24.40
cd,web design for companies,18100,16,17,20.67
cd,web designing near me,18100,79,5,21.56
cd,web design near me,14800,43,11,21.49
cd,company web design,14800,23,18,26.18
cd,agency web design,12100,64,6,17.59
cd,web design agency,12100,54,4,20.51
cd,service web design,9900,62,5,19.36
cd,web design los angeles california,9900,78,20,12.81
cd,services web design,8100,27,13,30.85
cd,web design best,8100,24,28,6.04
cd,seo & web design,6600,9,9,20.54
cd,web design service,6600,68,20,32.86
cd,figma web design,6600,50,16,4.62
cd,web design good,6600,58,38,9.17
cd,web design shirt,6600,63,91,5.47
cd,web design companies near me,6600,34,8,18.67
cd,good web design,5400,63,41,8.03
cd,dallas texas web design,5400,64,8,17.37
cd,web design in houston,5400,9,7,19.37
cd,web design program,5400,21,23,9.41
cd,web design for seo,5400,34,12,27.96
cd,web design company near me,5400,44,5,26.13
cd,web design in dallas tx,5400,13,20,9.43
cd,program for web design,5400,84,28,11.24
cd,responsive design web design,5400,8,6,10.27
cd,reactive web design,4400,23,6,16.60
cd,web design in dallas,4400,68,6,22.16
cd,course web design,4400,25,34,9.93
cd,web design in houston texas,4400,44,5,25.94
cd,web design seo,4400,32,4,36.20
cd,web design pages,4400,60,20,20.67
cd,web design wix,4400,75,19,9.88
cd,small business web design service,4400,44,18,29.87
cd,web design in los angeles,4400,82,28,17.28
cd,word press web design,2900,8,9,17.57
cd,web design course,2900,66,38,12.91
cd,web design for a small business,2900,56,22,31.21
cd,web design dallas,2900,32,13,28.04
cd,web design in denver,2900,56,5,21.04
cd,web design in san diego,2900,9,10,15.51
cd,free web design website,2900,92,56,14.99
cd,seo web design,2900,37,8,41.19
cd,web design and software,2900,54,32,11.52
cd,web design interior,2900,26,43,2.23
cd,web design mean,2900,66,1,0.00
cd,web design in tampa,2900,48,7,15.43
cd,development web design,2900,85,18,21.64
cd,web design company in phoenix,2900,9,10,18.47
cd,web design and seo companies,2900,86,6,30.56
cd,web design and wordpress,2900,86,8,17.43
cd,web design courses,2900,69,36,13.75
cd,web design clothes,2400,32,63,3.32
cd,web design in chicago il,2400,7,5,13.67
cd,online course for web design,2400,9,10,12.49
cd,business of web design,2400,7,6,22.63
cd,interior web design,2400,33,56,5.20
cd,web design law firms,2400,40,17,86.41
cd,tools for web design,2400,9,10,10.27
cd,free web design websites,2400,92,44,13.23
cd,small business web design,2400,42,13,32.48
cd,web design website ideas,2400,14,28,6.12
cd,web design for portfolio,2400,12,22,6.77
cd,web design spider,2400,43,18,0.20
cd,web design and development,2400,63,22,30.36
cd,new york web design company,2400,47,5,39.43
cd,seo web design service,2400,80,2,140.67
cd,web design san diego ca,2400,40,16,24.66
cd,web design company in tampa,2400,38,14,28.24
cd,seo web design companies,2400,45,4,26.61
cd,web design job,2400,17,11,2.69
cd,wordpress web design,2400,74,14,18.19
cd,big web design companies,2400,9,11,24.48
cd,web design in sacramento ca,2400,56,11,19.71
cd,web design in sacramento,2400,56,10,21.61
cd,cost of web design,2400,54,50,17.41
cd,wordpress web design companies,2400,37,7,23.30
cd,san antonio web design,2400,50,8,26.22
cd,banner web design,2400,19,19,5.59
cd,web design phoenix,2400,30,3,13.75
cd,web design fort worth texas,1900,34,7,8.08
cd,small businesses web design,1900,12,20,18.54
cd,web design in seattle wa,1900,63,18,31.87
cd,web design course online,1900,86,26,26.56
cd,web design company in springfield mo,1900,42,4,17.57
cd,web design indianapolis indiana,1900,72,5,19.37
cd,web design website template,1900,44,77,10.05
cd,best company for web design,1900,66,16,25.76
cd,web design miami florida,1600,43,22,16.25
cd,logo for design agency,30,33,64,4.62
suggested,branding and brand identity,301000,39,8,5.97
suggested,branding identity,301000,51,10,5.05
suggested,conversion optimization,135000,63,12,65.45
suggested,digital marketers,135000,44,9,12.53
suggested,websites designing,74000,49,28,21.37
suggested,agency marketing digital,60500,49,7,11.43
suggested,digital agency marketing,49500,50,12,18.79
suggested,design logo design,49500,72,57,5.49
suggested,digital marketing and advertising agency,49500,55,6,14.92
suggested,designer logo design,49500,70,77,5.70
suggested,logos and designs,49500,74,57,5.49
suggested,logotype design,49500,52,77,5.70
suggested,and logo design,49500,71,76,6.75
suggested,marketing agency digital,49500,68,6,14.92
suggested,digital marketing agency,49500,82,6,14.92
suggested,digital marketing advertising agency,49500,48,6,23.90
suggested,logo design,40500,75,74,8.17
suggested,conversion rate optimisation,40500,61,5,7.64
suggested,search engine optimization agencies,33100,60,10,35.09
suggested,websites designers,27100,33,21,21.50
suggested,search engine optimisation companies,27100,58,7,62.98
suggested,marketing agency near me,27100,79,16,11.25
suggested,search engine optimization in digital marketing,22200,71,2,21.20
suggested,seo agency near me,22200,57,3,28.51
suggested,website redesign near me,18100,46,27,17.95
